,sold,date,region
0,"$1,635.00",2019-06-11,north
1,"$1,563.00",2019-06-11,south
2,"$1,785.00",2019-06-11,east
3,"$1,521.00",2019-06-11,west
4,"$1,728.00",2019-06-12,north
5,"$1,515.00",2019-06-12,south
6,"$1,548.00",2019-06-12,east
7,"$1,677.00",2019-06-12,west
8,"$1,587.00",2019-06-13,north
9,"$1,719.00",2019-06-13,south
10,"$1,587.00",2019-06-13,east
11,"$1,773.00",2019-06-13,west
12,"$1,557.00",2019-06-14,north
13,"$1,680.00",2019-06-14,south
14,"$1,773.00",2019-06-14,east
15,"$1,509.00",2019-06-14,west
16,"$1,602.00",2019-06-15,north
17,"$1,794.00",2019-06-15,south
18,"$1,764.00",2019-06-15,east
19,"$1,785.00",2019-06-15,west
20,"$1,662.00",2019-06-16,north
21,"$1,563.00",2019-06-16,south
22,"$1,671.00",2019-06-16,east
23,"$1,533.00",2019-06-16,west
24,"$1,587.00",2019-06-17,north
25,"$1,512.00",2019-06-17,south
26,"$1,536.00",2019-06-17,east
27,"$1,566.00",2019-06-17,west
28,"$1,767.00",2019-06-18,north
29,"$1,614.00",2019-06-18,south
30,"$1,776.00",2019-06-18,east
31,"$1,728.00",2019-06-18,west
32,"$1,614.00",2019-06-19,north
33,"$1,572.00",2019-06-19,south
34,"$1,614.00",2019-06-19,east
35,"$1,734.00",2019-06-19,west
36,"$1,566.00",2019-06-20,north
37,"$1,632.00",2019-06-20,south
38,"$1,785.00",2019-06-20,east
39,"$1,770.00",2019-06-20,west
40,"$1,725.00",2019-06-21,north
41,"$1,542.00",2019-06-21,south
42,"$1,677.00",2019-06-21,east
43,"$1,533.00",2019-06-21,west
44,"$1,578.00",2019-06-22,north
45,"$1,713.00",2019-06-22,south
46,"$1,776.00",2019-06-22,east
47,"$1,515.00",2019-06-22,west
48,"$1,587.00",2019-06-23,north
49,"$1,770.00",2019-06-23,south
50,"$1,773.00",2019-06-23,east
51,"$1,671.00",2019-06-23,west
52,"$1,704.00",2019-06-24,north
53,"$1,545.00",2019-06-24,south
54,"$1,671.00",2019-06-24,east
55,"$1,800.00",2019-06-24,west
56,"$1,611.00",2019-06-25,north
57,"$1,797.00",2019-06-25,south
58,"$1,623.00",2019-06-25,east
59,"$1,776.00",2019-06-25,west
60,"$1,677.00",2019-06-26,north
61,"$1,800.00",2019-06-26,south
62,"$1,794.00",2019-06-26,east
63,"$1,686.00",2019-06-26,west
64,"$1,671.00",2019-06-27,north
65,"$1,635.00",2019-06-27,south
66,"$1,740.00",2019-06-27,east
67,"$1,671.00",2019-06-27,west
68,"$1,671.00",2019-06-28,north
69,"$1,770.00",2019-06-28,south
70,"$1,773.00",2019-06-28,east
71,"$1,581.00",2019-06-28,west
72,"$1,533.00",2019-06-29,north
73,"$1,650.00",2019-06-29,south
74,"$1,536.00",2019-06-29,east
75,"$1,548.00",2019-06-29,west
76,"$1,785.00",2019-06-30,north
77,"$1,614.00",2019-06-30,south
78,"$1,569.00",2019-06-30,east
79,"$1,800.00",2019-06-30,west
80,"$1,644.00",2019-07-01,north
81,"$1,659.00",2019-07-01,south
82,"$1,659.00",2019-07-01,east
83,"$1,644.00",2019-07-01,west
84,"$1,656.00",2019-07-02,north
85,"$1,566.00",2019-07-02,south
86,"$1,686.00",2019-07-02,east
87,"$1,677.00",2019-07-02,west
88,"$1,770.00",2019-07-03,north
89,"$1,689.00",2019-07-03,south
90,"$1,704.00",2019-07-03,east
91,"$1,800.00",2019-07-03,west
92,"$1,782.00",2019-07-04,north
93,"$1,746.00",2019-07-04,south
94,"$1,527.00",2019-07-04,east
95,"$1,581.00",2019-07-04,west
96,"$1,518.00",2019-07-05,north
97,"$1,554.00",2019-07-05,south
98,"$1,548.00",2019-07-05,east
99,"$1,533.00",2019-07-05,west
100,"$1,791.00",2019-07-06,north
101,"$1,578.00",2019-07-06,south
102,"$1,779.00",2019-07-06,east
103,"$1,704.00",2019-07-06,west
104,"$1,587.00",2019-07-07,north
105,"$1,593.00",2019-07-07,south
106,"$1,644.00",2019-07-07,east
107,"$1,680.00",2019-07-07,west
108,"$1,614.00",2019-07-08,north
109,"$1,704.00",2019-07-08,south
110,"$1,797.00",2019-07-08,east
111,"$1,770.00",2019-07-08,west
112,"$1,605.00",2019-07-09,north
113,"$1,686.00",2019-07-09,south
114,"$1,794.00",2019-07-09,east
115,"$1,713.00",2019-07-09,west
116,"$1,755.00",2019-07-10,north
117,"$1,500.00",2019-07-10,south
118,"$1,632.00",2019-07-10,east
119,"$1,800.00",2019-07-10,west
120,"$1,800.00",2019-07-11,north
121,"$1,650.00",2019-07-11,south
122,"$1,704.00",2019-07-11,east
123,"$1,590.00",2019-07-11,west
124,"$1,779.00",2019-07-12,north
125,"$1,554.00",2019-07-12,south
126,"$1,635.00",2019-07-12,east
127,"$1,608.00",2019-07-12,west
128,"$1,791.00",2019-07-13,north
129,"$1,779.00",2019-07-13,south
130,"$1,527.00",2019-07-13,east
131,"$1,689.00",2019-07-13,west
132,"$1,782.00",2019-07-14,north
133,"$1,662.00",2019-07-14,south
134,"$1,620.00",2019-07-14,east
135,"$1,692.00",2019-07-14,west
136,"$1,551.00",2019-07-15,north
137,"$1,620.00",2019-07-15,south
138,"$1,725.00",2019-07-15,east
139,"$1,602.00",2019-07-15,west
140,"$1,518.00",2019-07-16,north
141,"$1,761.00",2019-07-16,south
142,"$1,539.00",2019-07-16,east
143,"$1,614.00",2019-07-16,west
144,"$1,548.00",2019-07-17,north
145,"$1,551.00",2019-07-17,south
146,"$1,722.00",2019-07-17,east
147,"$1,662.00",2019-07-17,west
148,"$1,509.00",2019-07-18,north
149,"$1,773.00",2019-07-18,south
150,"$1,767.00",2019-07-18,east
151,"$1,581.00",2019-07-18,west
152,"$1,626.00",2019-07-19,north
153,"$1,734.00",2019-07-19,south
154,"$1,761.00",2019-07-19,east
155,"$1,659.00",2019-07-19,west
156,"$1,638.00",2019-07-20,north
157,"$1,539.00",2019-07-20,south
158,"$1,782.00",2019-07-20,east
159,"$1,728.00",2019-07-20,west
160,"$1,746.00",2019-07-21,north
161,"$1,536.00",2019-07-21,south
162,"$1,719.00",2019-07-21,east
163,"$1,773.00",2019-07-21,west
164,"$1,611.00",2019-07-22,north
165,"$1,665.00",2019-07-22,south
166,"$1,506.00",2019-07-22,east
167,"$1,746.00",2019-07-22,west
168,"$1,770.00",2019-07-23,north
169,"$1,734.00",2019-07-23,south
170,"$1,707.00",2019-07-23,east
171,"$1,620.00",2019-07-23,west
172,"$1,569.00",2019-07-24,north
173,"$1,656.00",2019-07-24,south
174,"$1,617.00",2019-07-24,east
175,"$1,638.00",2019-07-24,west
176,"$1,701.00",2019-07-25,north
177,"$1,713.00",2019-07-25,south
178,"$1,557.00",2019-07-25,east
179,"$1,725.00",2019-07-25,west
180,"$1,605.00",2019-07-26,north
181,"$1,770.00",2019-07-26,south
182,"$1,557.00",2019-07-26,east
183,"$1,755.00",2019-07-26,west
184,"$1,737.00",2019-07-27,north
185,"$1,785.00",2019-07-27,south
186,"$1,545.00",2019-07-27,east
187,"$1,560.00",2019-07-27,west
188,"$1,509.00",2019-07-28,north
189,"$1,761.00",2019-07-28,south
190,"$1,551.00",2019-07-28,east
191,"$1,683.00",2019-07-28,west
192,"$1,644.00",2019-07-29,north
193,"$1,608.00",2019-07-29,south
194,"$1,719.00",2019-07-29,east
195,"$1,794.00",2019-07-29,west
196,"$1,764.00",2019-07-30,north
197,"$1,512.00",2019-07-30,south
198,"$1,701.00",2019-07-30,east
199,"$1,797.00",2019-07-30,west
200,"$1,734.00",2019-07-31,north
201,"$1,791.00",2019-07-31,south
202,"$1,761.00",2019-07-31,east
203,"$1,587.00",2019-07-31,west
204,"$1,596.00",2019-08-01,north
205,"$1,542.00",2019-08-01,south
206,"$1,710.00",2019-08-01,east
207,"$1,701.00",2019-08-01,west
208,"$1,647.00",2019-08-02,north
209,"$1,524.00",2019-08-02,south
210,"$1,782.00",2019-08-02,east
211,"$1,716.00",2019-08-02,west
212,"$1,752.00",2019-08-03,north
213,"$1,686.00",2019-08-03,south
214,"$1,764.00",2019-08-03,east
215,"$1,755.00",2019-08-03,west
216,"$1,578.00",2019-08-04,north
217,"$1,539.00",2019-08-04,south
218,"$1,743.00",2019-08-04,east
219,"$1,596.00",2019-08-04,west
220,"$1,506.00",2019-08-05,north
221,"$1,527.00",2019-08-05,south
222,"$1,626.00",2019-08-05,east
223,"$1,530.00",2019-08-05,west
224,"$1,521.00",2019-08-06,north
225,"$1,713.00",2019-08-06,south
226,"$1,761.00",2019-08-06,east
227,"$1,557.00",2019-08-06,west
228,"$1,584.00",2019-08-07,north
229,"$1,764.00",2019-08-07,south
230,"$1,623.00",2019-08-07,east
231,"$1,776.00",2019-08-07,west
232,"$1,749.00",2019-08-08,north
233,"$1,707.00",2019-08-08,south
234,"$1,629.00",2019-08-08,east
235,"$1,773.00",2019-08-08,west
236,"$1,758.00",2019-08-09,north
237,"$1,671.00",2019-08-09,south
238,"$1,659.00",2019-08-09,east
239,"$1,641.00",2019-08-09,west
240,"$1,596.00",2019-08-10,north
241,"$1,626.00",2019-08-10,south
242,"$1,557.00",2019-08-10,east
243,"$1,695.00",2019-08-10,west
244,"$1,659.00",2019-08-11,north
245,"$1,680.00",2019-08-11,south
246,"$1,683.00",2019-08-11,east
247,"$1,692.00",2019-08-11,west
248,"$1,569.00",2019-08-12,north
249,"$1,740.00",2019-08-12,south
250,"$1,650.00",2019-08-12,east
251,"$1,569.00",2019-08-12,west
252,"$1,701.00",2019-08-13,north
253,"$1,677.00",2019-08-13,south
254,"$1,533.00",2019-08-13,east
255,"$1,587.00",2019-08-13,west
256,"$1,713.00",2019-08-14,north
257,"$1,611.00",2019-08-14,south
258,"$1,524.00",2019-08-14,east
259,"$1,725.00",2019-08-14,west
260,"$1,761.00",2019-08-15,north
261,"$1,569.00",2019-08-15,south
262,"$1,668.00",2019-08-15,east
263,"$1,563.00",2019-08-15,west
264,"$1,734.00",2019-08-16,north
265,"$1,524.00",2019-08-16,south
266,"$1,731.00",2019-08-16,east
267,"$1,665.00",2019-08-16,west
268,"$1,710.00",2019-08-17,north
269,"$1,509.00",2019-08-17,south
270,"$1,539.00",2019-08-17,east
271,"$1,533.00",2019-08-17,west
272,"$1,785.00",2019-08-18,north
273,"$1,665.00",2019-08-18,south
274,"$1,722.00",2019-08-18,east
275,"$1,659.00",2019-08-18,west
276,"$1,791.00",2019-08-19,north
277,"$1,680.00",2019-08-19,south
278,"$1,542.00",2019-08-19,east
279,"$1,701.00",2019-08-19,west
280,"$1,671.00",2019-08-20,north
281,"$1,656.00",2019-08-20,south
282,"$1,536.00",2019-08-20,east
283,"$1,800.00",2019-08-20,west
284,"$1,605.00",2019-08-21,north
285,"$1,671.00",2019-08-21,south
286,"$1,590.00",2019-08-21,east
287,"$1,545.00",2019-08-21,west
288,"$1,500.00",2019-08-22,north
289,"$1,779.00",2019-08-22,south
290,"$1,656.00",2019-08-22,east
291,"$1,731.00",2019-08-22,west
292,"$1,614.00",2019-08-23,north
293,"$1,782.00",2019-08-23,south
294,"$1,629.00",2019-08-23,east
295,"$1,635.00",2019-08-23,west
296,"$1,548.00",2019-08-24,north
297,"$1,776.00",2019-08-24,south
298,"$1,743.00",2019-08-24,east
299,"$1,737.00",2019-08-24,west
300,"$1,644.00",2019-08-25,north
301,"$1,626.00",2019-08-25,south
302,"$1,680.00",2019-08-25,east
303,"$1,524.00",2019-08-25,west
304,"$1,515.00",2019-08-26,north
305,"$1,704.00",2019-08-26,south
306,"$1,653.00",2019-08-26,east
307,"$1,554.00",2019-08-26,west
308,"$1,644.00",2019-08-27,north
309,"$1,674.00",2019-08-27,south
310,"$1,665.00",2019-08-27,east
311,"$1,755.00",2019-08-27,west
312,"$1,566.00",2019-08-28,north
313,"$1,659.00",2019-08-28,south
314,"$1,515.00",2019-08-28,east
315,"$1,779.00",2019-08-28,west
316,"$1,572.00",2019-08-29,north
317,"$1,770.00",2019-08-29,south
318,"$1,632.00",2019-08-29,east
319,"$1,677.00",2019-08-29,west
320,"$1,755.00",2019-08-30,north
321,"$1,527.00",2019-08-30,south
322,"$1,623.00",2019-08-30,east
323,"$1,668.00",2019-08-30,west
324,"$1,683.00",2019-08-31,north
325,"$1,698.00",2019-08-31,south
326,"$1,749.00",2019-08-31,east
327,"$1,632.00",2019-08-31,west
328,"$1,785.00",2019-09-01,north
329,"$1,707.00",2019-09-01,south
330,"$1,518.00",2019-09-01,east
331,"$1,563.00",2019-09-01,west
332,"$1,701.00",2019-09-02,north
333,"$1,605.00",2019-09-02,south
334,"$1,596.00",2019-09-02,east
335,"$1,605.00",2019-09-02,west
336,"$1,716.00",2019-09-03,north
337,"$1,569.00",2019-09-03,south
338,"$1,725.00",2019-09-03,east
339,"$1,542.00",2019-09-03,west
340,"$1,692.00",2019-09-04,north
341,"$1,560.00",2019-09-04,south
342,"$1,515.00",2019-09-04,east
343,"$1,653.00",2019-09-04,west
344,"$1,629.00",2019-09-05,north
345,"$1,668.00",2019-09-05,south
346,"$1,698.00",2019-09-05,east
347,"$1,677.00",2019-09-05,west
348,"$1,503.00",2019-09-06,north
349,"$1,776.00",2019-09-06,south
350,"$1,509.00",2019-09-06,east
351,"$1,665.00",2019-09-06,west
352,"$1,683.00",2019-09-07,north
353,"$1,530.00",2019-09-07,south
354,"$1,782.00",2019-09-07,east
355,"$1,584.00",2019-09-07,west
356,"$1,743.00",2019-09-08,north
357,"$1,551.00",2019-09-08,south
358,"$1,620.00",2019-09-08,east
359,"$1,791.00",2019-09-08,west
360,"$1,674.00",2019-09-09,north
361,"$1,797.00",2019-09-09,south
362,"$1,773.00",2019-09-09,east
363,"$1,596.00",2019-09-09,west
364,"$1,617.00",2019-09-10,north
365,"$1,764.00",2019-09-10,south
366,"$1,632.00",2019-09-10,east
367,"$1,506.00",2019-09-10,west
368,"$1,533.00",2019-09-11,north
369,"$1,677.00",2019-09-11,south
370,"$1,746.00",2019-09-11,east
371,"$1,668.00",2019-09-11,west
372,"$1,797.00",2019-09-12,north
373,"$1,545.00",2019-09-12,south
374,"$1,701.00",2019-09-12,east
375,"$1,578.00",2019-09-12,west
376,"$1,626.00",2019-09-13,north
377,"$1,512.00",2019-09-13,south
378,"$1,788.00",2019-09-13,east
379,"$1,671.00",2019-09-13,west
380,"$1,728.00",2019-09-14,north
381,"$1,653.00",2019-09-14,south
382,"$1,644.00",2019-09-14,east
383,"$1,734.00",2019-09-14,west
384,"$1,746.00",2019-09-15,north
385,"$1,524.00",2019-09-15,south
386,"$1,611.00",2019-09-15,east
387,"$1,626.00",2019-09-15,west
388,"$1,668.00",2019-09-16,north
389,"$1,734.00",2019-09-16,south
390,"$1,797.00",2019-09-16,east
391,"$1,725.00",2019-09-16,west
392,"$1,656.00",2019-09-17,north
393,"$1,530.00",2019-09-17,south
394,"$1,695.00",2019-09-17,east
395,"$1,656.00",2019-09-17,west
396,"$1,797.00",2019-09-18,north
397,"$1,515.00",2019-09-18,south
398,"$1,638.00",2019-09-18,east
399,"$1,797.00",2019-09-18,west
400,"$1,800.00",2019-09-19,north
401,"$1,560.00",2019-09-19,south
402,"$1,506.00",2019-09-19,east
403,"$1,581.00",2019-09-19,west
404,"$1,515.00",2019-09-20,north
405,"$1,527.00",2019-09-20,south
406,"$1,758.00",2019-09-20,east
407,"$1,638.00",2019-09-20,west
408,"$1,605.00",2019-09-21,north
409,"$1,716.00",2019-09-21,south
410,"$1,569.00",2019-09-21,east
411,"$1,674.00",2019-09-21,west
412,"$1,632.00",2019-09-22,north
413,"$1,734.00",2019-09-22,south
414,"$1,530.00",2019-09-22,east
415,"$1,689.00",2019-09-22,west
416,"$1,641.00",2019-09-23,north
417,"$1,779.00",2019-09-23,south
418,"$1,659.00",2019-09-23,east
419,"$1,797.00",2019-09-23,west
420,"$1,767.00",2019-09-24,north
421,"$1,755.00",2019-09-24,south
422,"$1,602.00",2019-09-24,east
423,"$1,524.00",2019-09-24,west
424,"$1,794.00",2019-09-25,north
425,"$1,626.00",2019-09-25,south
426,"$1,617.00",2019-09-25,east
427,"$1,773.00",2019-09-25,west
428,"$1,719.00",2019-09-26,north
429,"$1,509.00",2019-09-26,south
430,"$1,686.00",2019-09-26,east
431,"$1,668.00",2019-09-26,west
432,"$1,731.00",2019-09-27,north
433,"$1,590.00",2019-09-27,south
434,"$1,728.00",2019-09-27,east
435,"$1,722.00",2019-09-27,west
436,"$1,548.00",2019-09-28,north
437,"$1,599.00",2019-09-28,south
438,"$1,605.00",2019-09-28,east
439,"$1,671.00",2019-09-28,west
440,"$1,512.00",2019-09-29,north
441,"$1,650.00",2019-09-29,south
442,"$1,614.00",2019-09-29,east
443,"$1,674.00",2019-09-29,west
444,"$1,638.00",2019-09-30,north
445,"$1,731.00",2019-09-30,south
446,"$1,716.00",2019-09-30,east
447,"$1,566.00",2019-09-30,west
448,"$1,707.00",2019-10-01,north
449,"$1,554.00",2019-10-01,south
450,"$1,632.00",2019-10-01,east
451,"$1,584.00",2019-10-01,west
452,"$1,653.00",2019-10-02,north
453,"$1,770.00",2019-10-02,south
454,"$1,758.00",2019-10-02,east
455,"$1,569.00",2019-10-02,west
456,"$1,797.00",2019-10-03,north
457,"$1,551.00",2019-10-03,south
458,"$1,677.00",2019-10-03,east
459,"$1,599.00",2019-10-03,west
460,"$1,512.00",2019-10-04,north
461,"$1,635.00",2019-10-04,south
462,"$1,749.00",2019-10-04,east
463,"$1,689.00",2019-10-04,west
464,"$1,614.00",2019-10-05,north
465,"$1,527.00",2019-10-05,south
466,"$1,521.00",2019-10-05,east
467,"$1,725.00",2019-10-05,west
468,"$1,587.00",2019-10-06,north
469,"$1,701.00",2019-10-06,south
470,"$1,566.00",2019-10-06,east
471,"$1,752.00",2019-10-06,west
472,"$1,668.00",2019-10-07,north
473,"$1,686.00",2019-10-07,south
474,"$1,611.00",2019-10-07,east
475,"$1,569.00",2019-10-07,west
476,"$1,599.00",2019-10-08,north
477,"$1,539.00",2019-10-08,south
478,"$1,611.00",2019-10-08,east
479,"$1,605.00",2019-10-08,west
480,"$1,680.00",2019-10-09,north
481,"$1,704.00",2019-10-09,south
482,"$1,689.00",2019-10-09,east
483,"$1,644.00",2019-10-09,west
484,"$1,701.00",2019-10-10,north
485,"$1,560.00",2019-10-10,south
486,"$1,791.00",2019-10-10,east
487,"$1,698.00",2019-10-10,west
488,"$1,539.00",2019-10-11,north
489,"$1,542.00",2019-10-11,south
490,"$1,704.00",2019-10-11,east
491,"$1,728.00",2019-10-11,west
492,"$1,590.00",2019-10-12,north
493,"$1,743.00",2019-10-12,south
494,"$1,569.00",2019-10-12,east
495,"$1,722.00",2019-10-12,west
496,"$1,545.00",2019-10-13,north
497,"$1,533.00",2019-10-13,south
498,"$1,674.00",2019-10-13,east
499,"$1,704.00",2019-10-13,west
500,"$1,524.00",2019-10-14,north
501,"$1,578.00",2019-10-14,south
502,"$1,692.00",2019-10-14,east
503,"$1,635.00",2019-10-14,west
504,"$1,782.00",2019-10-15,north
505,"$1,587.00",2019-10-15,south
506,"$1,638.00",2019-10-15,east
507,"$1,752.00",2019-10-15,west
508,"$1,542.00",2019-10-16,north
509,"$1,608.00",2019-10-16,south
510,"$1,683.00",2019-10-16,east
511,"$1,596.00",2019-10-16,west
512,"$1,527.00",2019-10-17,north
513,"$1,737.00",2019-10-17,south
514,"$1,671.00",2019-10-17,east
515,"$1,662.00",2019-10-17,west
516,"$1,518.00",2019-10-18,north
517,"$1,746.00",2019-10-18,south
518,"$1,590.00",2019-10-18,east
519,"$1,710.00",2019-10-18,west
520,"$1,647.00",2019-10-19,north
521,"$1,737.00",2019-10-19,south
522,"$1,761.00",2019-10-19,east
523,"$1,587.00",2019-10-19,west
524,"$1,701.00",2019-10-20,north
525,"$1,524.00",2019-10-20,south
526,"$1,677.00",2019-10-20,east
527,"$1,725.00",2019-10-20,west
528,"$1,653.00",2019-10-21,north
529,"$1,686.00",2019-10-21,south
530,"$1,698.00",2019-10-21,east
531,"$1,560.00",2019-10-21,west
532,"$1,515.00",2019-10-22,north
533,"$1,734.00",2019-10-22,south
534,"$1,551.00",2019-10-22,east
535,"$1,713.00",2019-10-22,west
536,"$1,758.00",2019-10-23,north
537,"$1,644.00",2019-10-23,south
538,"$1,758.00",2019-10-23,east
539,"$1,641.00",2019-10-23,west
540,"$1,617.00",2019-10-24,north
541,"$1,611.00",2019-10-24,south
542,"$1,788.00",2019-10-24,east
543,"$1,602.00",2019-10-24,west
544,"$1,638.00",2019-10-25,north
545,"$1,620.00",2019-10-25,south
546,"$1,665.00",2019-10-25,east
547,"$1,500.00",2019-10-25,west
548,"$1,671.00",2019-10-26,north
549,"$1,566.00",2019-10-26,south
550,"$1,740.00",2019-10-26,east
551,"$1,599.00",2019-10-26,west
552,"$1,710.00",2019-10-27,north
553,"$1,668.00",2019-10-27,south
554,"$1,740.00",2019-10-27,east
555,"$1,698.00",2019-10-27,west
556,"$1,503.00",2019-10-28,north
557,"$1,689.00",2019-10-28,south
558,"$1,626.00",2019-10-28,east
559,"$1,674.00",2019-10-28,west
560,"$1,542.00",2019-10-29,north
561,"$1,692.00",2019-10-29,south
562,"$1,719.00",2019-10-29,east
563,"$1,512.00",2019-10-29,west
564,"$1,731.00",2019-10-30,north
565,"$1,644.00",2019-10-30,south
566,"$1,746.00",2019-10-30,east
567,"$1,689.00",2019-10-30,west
568,"$1,800.00",2019-10-31,north
569,"$1,527.00",2019-10-31,south
570,"$1,533.00",2019-10-31,east
571,"$1,800.00",2019-10-31,west
572,"$1,644.00",2019-11-01,north
573,"$1,500.00",2019-11-01,south
574,"$1,800.00",2019-11-01,east
575,"$1,767.00",2019-11-01,west
576,"$1,791.00",2019-11-02,north
577,"$1,776.00",2019-11-02,south
578,"$1,596.00",2019-11-02,east
579,"$1,734.00",2019-11-02,west
580,"$1,542.00",2019-11-03,north
581,"$1,608.00",2019-11-03,south
582,"$1,617.00",2019-11-03,east
583,"$1,623.00",2019-11-03,west
584,"$1,674.00",2019-11-04,north
585,"$1,782.00",2019-11-04,south
586,"$1,680.00",2019-11-04,east
587,"$1,512.00",2019-11-04,west
588,"$1,500.00",2019-11-05,north
589,"$1,668.00",2019-11-05,south
590,"$1,758.00",2019-11-05,east
591,"$1,533.00",2019-11-05,west
592,"$1,785.00",2019-11-06,north
593,"$1,533.00",2019-11-06,south
594,"$1,659.00",2019-11-06,east
595,"$1,506.00",2019-11-06,west
596,"$1,656.00",2019-11-07,north
597,"$1,728.00",2019-11-07,south
598,"$1,728.00",2019-11-07,east
599,"$1,713.00",2019-11-07,west
600,"$1,797.00",2019-11-08,north
601,"$1,686.00",2019-11-08,south
602,"$1,584.00",2019-11-08,east
603,"$1,713.00",2019-11-08,west
604,"$1,665.00",2019-11-09,north
605,"$1,557.00",2019-11-09,south
606,"$1,656.00",2019-11-09,east
607,"$1,767.00",2019-11-09,west
608,"$1,515.00",2019-11-10,north
609,"$1,761.00",2019-11-10,south
610,"$1,767.00",2019-11-10,east
611,"$1,641.00",2019-11-10,west
612,"$1,584.00",2019-11-11,north
613,"$1,545.00",2019-11-11,south
614,"$1,695.00",2019-11-11,east
615,"$1,761.00",2019-11-11,west
616,"$1,701.00",2019-11-12,north
617,"$1,767.00",2019-11-12,south
618,"$1,632.00",2019-11-12,east
619,"$1,704.00",2019-11-12,west
620,"$1,599.00",2019-11-13,north
621,"$1,509.00",2019-11-13,south
622,"$1,728.00",2019-11-13,east
623,"$1,683.00",2019-11-13,west
624,"$1,740.00",2019-11-14,north
625,"$1,626.00",2019-11-14,south
626,"$1,572.00",2019-11-14,east
627,"$1,716.00",2019-11-14,west
628,"$1,641.00",2019-11-15,north
629,"$1,560.00",2019-11-15,south
630,"$1,614.00",2019-11-15,east
631,"$1,605.00",2019-11-15,west
632,"$1,503.00",2019-11-16,north
633,"$1,638.00",2019-11-16,south
634,"$1,662.00",2019-11-16,east
635,"$1,653.00",2019-11-16,west
636,"$1,734.00",2019-11-17,north
637,"$1,599.00",2019-11-17,south
638,"$1,515.00",2019-11-17,east
639,"$1,608.00",2019-11-17,west
640,"$1,566.00",2019-11-18,north
641,"$1,734.00",2019-11-18,south
642,"$1,719.00",2019-11-18,east
643,"$1,773.00",2019-11-18,west
644,"$1,791.00",2019-11-19,north
645,"$1,779.00",2019-11-19,south
646,"$1,641.00",2019-11-19,east
647,"$1,617.00",2019-11-19,west
648,"$1,533.00",2019-11-20,north
649,"$1,527.00",2019-11-20,south
650,"$1,512.00",2019-11-20,east
651,"$1,515.00",2019-11-20,west
652,"$1,734.00",2019-11-21,north
653,"$1,668.00",2019-11-21,south
654,"$1,665.00",2019-11-21,east
655,"$1,644.00",2019-11-21,west
656,"$1,767.00",2019-11-22,north
657,"$1,647.00",2019-11-22,south
658,"$1,665.00",2019-11-22,east
659,"$1,776.00",2019-11-22,west
660,"$1,665.00",2019-11-23,north
661,"$1,632.00",2019-11-23,south
662,"$1,521.00",2019-11-23,east
663,"$1,659.00",2019-11-23,west
664,"$1,623.00",2019-11-24,north
665,"$1,698.00",2019-11-24,south
666,"$1,596.00",2019-11-24,east
667,"$1,674.00",2019-11-24,west
668,"$1,749.00",2019-11-25,north
669,"$1,536.00",2019-11-25,south
670,"$1,734.00",2019-11-25,east
671,"$1,716.00",2019-11-25,west
672,"$1,599.00",2019-11-26,north
673,"$1,500.00",2019-11-26,south
674,"$1,518.00",2019-11-26,east
675,"$1,584.00",2019-11-26,west
676,"$1,551.00",2019-11-27,north
677,"$1,701.00",2019-11-27,south
678,"$1,689.00",2019-11-27,east
679,"$1,746.00",2019-11-27,west
680,"$1,725.00",2019-11-28,north
681,"$1,776.00",2019-11-28,south
682,"$1,707.00",2019-11-28,east
683,"$1,794.00",2019-11-28,west
684,"$1,641.00",2019-11-29,north
685,"$1,653.00",2019-11-29,south
686,"$1,716.00",2019-11-29,east
687,"$1,776.00",2019-11-29,west
688,"$1,797.00",2019-11-30,north
689,"$1,782.00",2019-11-30,south
690,"$1,653.00",2019-11-30,east
691,"$1,596.00",2019-11-30,west
692,"$1,704.00",2019-12-01,north
693,"$1,626.00",2019-12-01,south
694,"$1,617.00",2019-12-01,east
695,"$1,680.00",2019-12-01,west
696,"$1,608.00",2019-12-02,north
697,"$1,713.00",2019-12-02,south
698,"$1,632.00",2019-12-02,east
699,"$1,680.00",2019-12-02,west
700,"$1,791.00",2019-12-03,north
701,"$1,761.00",2019-12-03,south
702,"$1,749.00",2019-12-03,east
703,"$1,626.00",2019-12-03,west
704,"$1,773.00",2019-12-04,north
705,"$1,623.00",2019-12-04,south
706,"$1,662.00",2019-12-04,east
707,"$1,731.00",2019-12-04,west
708,"$1,755.00",2019-12-05,north
709,"$1,602.00",2019-12-05,south
710,"$1,740.00",2019-12-05,east
711,"$1,605.00",2019-12-05,west
712,"$1,680.00",2019-12-06,north
713,"$1,572.00",2019-12-06,south
714,"$1,542.00",2019-12-06,east
715,"$1,779.00",2019-12-06,west
716,"$1,671.00",2019-12-07,north
717,"$1,722.00",2019-12-07,south
718,"$1,728.00",2019-12-07,east
719,"$1,659.00",2019-12-07,west
720,"$1,770.00",2019-12-08,north
721,"$1,632.00",2019-12-08,south
722,"$1,536.00",2019-12-08,east
723,"$1,734.00",2019-12-08,west
724,"$1,584.00",2019-12-09,north
725,"$1,713.00",2019-12-09,south
726,"$1,728.00",2019-12-09,east
727,"$1,725.00",2019-12-09,west
728,"$1,506.00",2019-12-10,north
729,"$1,503.00",2019-12-10,south
730,"$1,521.00",2019-12-10,east
731,"$1,713.00",2019-12-10,west
732,"$1,635.00",2019-12-11,north
733,"$1,506.00",2019-12-11,south
734,"$1,542.00",2019-12-11,east
735,"$1,551.00",2019-12-11,west
736,"$1,623.00",2019-12-12,north
737,"$1,719.00",2019-12-12,south
738,"$1,563.00",2019-12-12,east
739,"$1,791.00",2019-12-12,west
740,"$1,800.00",2019-12-13,north
741,"$1,800.00",2019-12-13,south
742,"$1,740.00",2019-12-13,east
743,"$1,755.00",2019-12-13,west
744,"$1,716.00",2019-12-14,north
745,"$1,632.00",2019-12-14,south
746,"$1,599.00",2019-12-14,east
747,"$1,632.00",2019-12-14,west
748,"$1,725.00",2019-12-15,north
749,"$1,743.00",2019-12-15,south
750,"$1,587.00",2019-12-15,east
751,"$1,608.00",2019-12-15,west
752,"$1,662.00",2019-12-16,north
753,"$1,791.00",2019-12-16,south
754,"$1,773.00",2019-12-16,east
755,"$1,650.00",2019-12-16,west
756,"$1,518.00",2019-12-17,north
757,"$1,749.00",2019-12-17,south
758,"$1,689.00",2019-12-17,east
759,"$1,533.00",2019-12-17,west
760,"$1,533.00",2019-12-18,north
761,"$1,641.00",2019-12-18,south
762,"$1,590.00",2019-12-18,east
763,"$1,740.00",2019-12-18,west
764,"$1,665.00",2019-12-19,north
765,"$1,773.00",2019-12-19,south
766,"$1,503.00",2019-12-19,east
767,"$1,542.00",2019-12-19,west
768,"$1,788.00",2019-12-20,north
769,"$1,773.00",2019-12-20,south
770,"$1,788.00",2019-12-20,east
771,"$1,785.00",2019-12-20,west
772,"$1,605.00",2019-12-21,north
773,"$1,701.00",2019-12-21,south
774,"$1,626.00",2019-12-21,east
775,"$1,623.00",2019-12-21,west
776,"$1,671.00",2019-12-22,north
777,"$1,629.00",2019-12-22,south
778,"$1,725.00",2019-12-22,east
779,"$1,557.00",2019-12-22,west
780,"$1,671.00",2019-12-23,north
781,"$1,662.00",2019-12-23,south
782,"$1,674.00",2019-12-23,east
783,"$1,671.00",2019-12-23,west
784,"$1,620.00",2019-12-24,north
785,"$1,716.00",2019-12-24,south
786,"$1,674.00",2019-12-24,east
787,"$1,686.00",2019-12-24,west
788,"$1,752.00",2019-12-25,north
789,"$1,725.00",2019-12-25,south
790,"$1,545.00",2019-12-25,east
791,"$1,506.00",2019-12-25,west
792,"$1,539.00",2019-12-26,north
793,"$1,716.00",2019-12-26,south
794,"$1,500.00",2019-12-26,east
795,"$1,794.00",2019-12-26,west
796,"$1,716.00",2019-12-27,north
797,"$1,665.00",2019-12-27,south
798,"$1,557.00",2019-12-27,east
799,"$1,620.00",2019-12-27,west
800,"$1,779.00",2019-12-28,north
801,"$1,779.00",2019-12-28,south
802,"$1,752.00",2019-12-28,east
803,"$1,773.00",2019-12-28,west
804,"$1,800.00",2019-12-29,north
805,"$1,773.00",2019-12-29,south
806,"$1,767.00",2019-12-29,east
807,"$1,683.00",2019-12-29,west
808,"$1,542.00",2019-12-30,north
809,"$1,728.00",2019-12-30,south
810,"$1,569.00",2019-12-30,east
811,"$1,659.00",2019-12-30,west
812,"$1,581.00",2019-12-31,north
813,"$1,713.00",2019-12-31,south
814,"$1,533.00",2019-12-31,east
815,"$1,692.00",2019-12-31,west
816,"$1,506.00",2020-01-01,north
817,"$1,659.00",2020-01-01,south
818,"$1,719.00",2020-01-01,east
819,"$1,704.00",2020-01-01,west
820,"$1,767.00",2020-01-02,north
821,"$1,542.00",2020-01-02,south
822,"$1,542.00",2020-01-02,east
823,"$1,629.00",2020-01-02,west
824,"$1,659.00",2020-01-03,north
825,"$1,539.00",2020-01-03,south
826,"$1,734.00",2020-01-03,east
827,"$1,761.00",2020-01-03,west
828,"$1,560.00",2020-01-04,north
829,"$1,767.00",2020-01-04,south
830,"$1,791.00",2020-01-04,east
831,"$1,632.00",2020-01-04,west
832,"$1,716.00",2020-01-05,north
833,"$1,536.00",2020-01-05,south
834,"$1,662.00",2020-01-05,east
835,"$1,680.00",2020-01-05,west
836,"$1,689.00",2020-01-06,north
837,"$1,779.00",2020-01-06,south
838,"$1,512.00",2020-01-06,east
839,"$1,578.00",2020-01-06,west
840,"$1,560.00",2020-01-07,north
841,"$1,581.00",2020-01-07,south
842,"$1,677.00",2020-01-07,east
843,"$1,599.00",2020-01-07,west
844,"$1,713.00",2020-01-08,north
845,"$1,800.00",2020-01-08,south
846,"$1,767.00",2020-01-08,east
847,"$1,752.00",2020-01-08,west
848,"$1,509.00",2020-01-09,north
849,"$1,539.00",2020-01-09,south
850,"$1,671.00",2020-01-09,east
851,"$1,668.00",2020-01-09,west
852,"$1,692.00",2020-01-10,north
853,"$1,584.00",2020-01-10,south
854,"$1,710.00",2020-01-10,east
855,"$1,686.00",2020-01-10,west
856,"$1,617.00",2020-01-11,north
857,"$1,665.00",2020-01-11,south
858,"$1,722.00",2020-01-11,east
859,"$1,551.00",2020-01-11,west
860,"$1,620.00",2020-01-12,north
861,"$1,791.00",2020-01-12,south
862,"$1,662.00",2020-01-12,east
863,"$1,656.00",2020-01-12,west
864,"$1,644.00",2020-01-13,north
865,"$1,659.00",2020-01-13,south
866,"$1,740.00",2020-01-13,east
867,"$1,668.00",2020-01-13,west
868,"$1,566.00",2020-01-14,north
869,"$1,575.00",2020-01-14,south
870,"$1,566.00",2020-01-14,east
871,"$1,578.00",2020-01-14,west
872,"$1,737.00",2020-01-15,north
873,"$1,596.00",2020-01-15,south
874,"$1,776.00",2020-01-15,east
875,"$1,638.00",2020-01-15,west
876,"$1,749.00",2020-01-16,north
877,"$1,752.00",2020-01-16,south
878,"$1,635.00",2020-01-16,east
879,"$1,581.00",2020-01-16,west
880,"$1,521.00",2020-01-17,north
881,"$1,536.00",2020-01-17,south
882,"$1,665.00",2020-01-17,east
883,"$1,782.00",2020-01-17,west
884,"$1,650.00",2020-01-18,north
885,"$1,749.00",2020-01-18,south
886,"$1,797.00",2020-01-18,east
887,"$1,650.00",2020-01-18,west
888,"$1,608.00",2020-01-19,north
889,"$1,608.00",2020-01-19,south
890,"$1,575.00",2020-01-19,east
891,"$1,590.00",2020-01-19,west
892,"$1,665.00",2020-01-20,north
893,"$1,596.00",2020-01-20,south
894,"$1,581.00",2020-01-20,east
895,"$1,695.00",2020-01-20,west
896,"$1,647.00",2020-01-21,north
897,"$1,776.00",2020-01-21,south
898,"$1,719.00",2020-01-21,east
899,"$1,578.00",2020-01-21,west
900,"$1,503.00",2020-01-22,north
901,"$1,569.00",2020-01-22,south
902,"$1,731.00",2020-01-22,east
903,"$1,551.00",2020-01-22,west
904,"$1,626.00",2020-01-23,north
905,"$1,518.00",2020-01-23,south
906,"$1,575.00",2020-01-23,east
907,"$1,611.00",2020-01-23,west
908,"$1,629.00",2020-01-24,north
909,"$1,704.00",2020-01-24,south
910,"$1,656.00",2020-01-24,east
911,"$1,554.00",2020-01-24,west
912,"$1,575.00",2020-01-25,north
913,"$1,638.00",2020-01-25,south
914,"$1,635.00",2020-01-25,east
915,"$1,548.00",2020-01-25,west
916,"$1,710.00",2020-01-26,north
917,"$1,584.00",2020-01-26,south
918,"$1,716.00",2020-01-26,east
919,"$1,602.00",2020-01-26,west
920,"$1,569.00",2020-01-27,north
921,"$1,506.00",2020-01-27,south
922,"$1,671.00",2020-01-27,east
923,"$1,584.00",2020-01-27,west
924,"$1,689.00",2020-01-28,north
925,"$1,773.00",2020-01-28,south
926,"$1,647.00",2020-01-28,east
927,"$1,503.00",2020-01-28,west
928,"$1,593.00",2020-01-29,north
929,"$1,506.00",2020-01-29,south
930,"$1,740.00",2020-01-29,east
931,"$1,572.00",2020-01-29,west
932,"$1,620.00",2020-01-30,north
933,"$1,542.00",2020-01-30,south
934,"$1,593.00",2020-01-30,east
935,"$1,500.00",2020-01-30,west
936,"$1,635.00",2020-01-31,north
937,"$1,656.00",2020-01-31,south
938,"$1,779.00",2020-01-31,east
939,"$1,605.00",2020-01-31,west
940,"$1,602.00",2020-02-01,north
941,"$1,794.00",2020-02-01,south
942,"$1,677.00",2020-02-01,east
943,"$1,521.00",2020-02-01,west
944,"$1,707.00",2020-02-02,north
945,"$1,665.00",2020-02-02,south
946,"$1,713.00",2020-02-02,east
947,"$1,659.00",2020-02-02,west
948,"$1,548.00",2020-02-03,north
949,"$1,647.00",2020-02-03,south
950,"$1,764.00",2020-02-03,east
951,"$1,662.00",2020-02-03,west
952,"$1,563.00",2020-02-04,north
953,"$1,755.00",2020-02-04,south
954,"$1,659.00",2020-02-04,east
955,"$1,575.00",2020-02-04,west
956,"$1,716.00",2020-02-05,north
957,"$1,506.00",2020-02-05,south
958,"$1,734.00",2020-02-05,east
959,"$1,704.00",2020-02-05,west
960,"$1,512.00",2020-02-06,north
961,"$1,572.00",2020-02-06,south
962,"$1,782.00",2020-02-06,east
963,"$1,554.00",2020-02-06,west
964,"$1,782.00",2020-02-07,north
965,"$1,701.00",2020-02-07,south
966,"$1,698.00",2020-02-07,east
967,"$1,671.00",2020-02-07,west
968,"$1,584.00",2020-02-08,north
969,"$1,602.00",2020-02-08,south
970,"$1,755.00",2020-02-08,east
971,"$1,614.00",2020-02-08,west
972,"$1,743.00",2020-02-09,north
973,"$1,788.00",2020-02-09,south
974,"$1,644.00",2020-02-09,east
975,"$1,728.00",2020-02-09,west
976,"$1,599.00",2020-02-10,north
977,"$1,689.00",2020-02-10,south
978,"$1,776.00",2020-02-10,east
979,"$1,569.00",2020-02-10,west
980,"$1,791.00",2020-02-11,north
981,"$1,638.00",2020-02-11,south
982,"$1,716.00",2020-02-11,east
983,"$1,788.00",2020-02-11,west
984,"$1,758.00",2020-02-12,north
985,"$1,752.00",2020-02-12,south
986,"$1,599.00",2020-02-12,east
987,"$1,533.00",2020-02-12,west
988,"$1,548.00",2020-02-13,north
989,"$1,800.00",2020-02-13,south
990,"$1,659.00",2020-02-13,east
991,"$1,617.00",2020-02-13,west
992,"$1,746.00",2020-02-14,north
993,"$1,644.00",2020-02-14,south
994,"$1,698.00",2020-02-14,east
995,"$1,533.00",2020-02-14,west
996,"$1,704.00",2020-02-15,north
997,"$1,524.00",2020-02-15,south
998,"$1,545.00",2020-02-15,east
999,"$1,731.00",2020-02-15,west
1000,"$1,665.00",2020-02-16,north
1001,"$1,791.00",2020-02-16,south
1002,"$1,605.00",2020-02-16,east
1003,"$1,743.00",2020-02-16,west
1004,"$1,677.00",2020-02-17,north
1005,"$1,590.00",2020-02-17,south
1006,"$1,722.00",2020-02-17,east
1007,"$1,743.00",2020-02-17,west
1008,"$1,668.00",2020-02-18,north
1009,"$1,620.00",2020-02-18,south
1010,"$1,704.00",2020-02-18,east
1011,"$1,683.00",2020-02-18,west
1012,"$1,551.00",2020-02-19,north
1013,"$1,650.00",2020-02-19,south
1014,"$1,689.00",2020-02-19,east
1015,"$1,638.00",2020-02-19,west
1016,"$1,518.00",2020-02-20,north
1017,"$1,593.00",2020-02-20,south
1018,"$1,632.00",2020-02-20,east
1019,"$1,602.00",2020-02-20,west
1020,"$1,761.00",2020-02-21,north
1021,"$1,755.00",2020-02-21,south
1022,"$1,581.00",2020-02-21,east
1023,"$1,794.00",2020-02-21,west
1024,"$1,545.00",2020-02-22,north
1025,"$1,689.00",2020-02-22,south
1026,"$1,632.00",2020-02-22,east
1027,"$1,668.00",2020-02-22,west
1028,"$1,638.00",2020-02-23,north
1029,"$1,602.00",2020-02-23,south
1030,"$1,686.00",2020-02-23,east
1031,"$1,776.00",2020-02-23,west
1032,"$1,593.00",2020-02-24,north
1033,"$1,734.00",2020-02-24,south
1034,"$1,608.00",2020-02-24,east
1035,"$1,617.00",2020-02-24,west
1036,"$1,656.00",2020-02-25,north
1037,"$1,722.00",2020-02-25,south
1038,"$1,566.00",2020-02-25,east
1039,"$1,548.00",2020-02-25,west
1040,"$1,545.00",2020-02-26,north
1041,"$1,521.00",2020-02-26,south
1042,"$1,728.00",2020-02-26,east
1043,"$1,668.00",2020-02-26,west
1044,"$1,698.00",2020-02-27,north
1045,"$1,599.00",2020-02-27,south
1046,"$1,581.00",2020-02-27,east
1047,"$1,527.00",2020-02-27,west
1048,"$1,509.00",2020-02-28,north
1049,"$1,686.00",2020-02-28,south
1050,"$1,590.00",2020-02-28,east
1051,"$1,689.00",2020-02-28,west
1052,"$1,671.00",2020-02-29,north
1053,"$1,728.00",2020-02-29,south
1054,"$1,524.00",2020-02-29,east
1055,"$1,656.00",2020-02-29,west
1056,"$1,593.00",2020-03-01,north
1057,"$1,626.00",2020-03-01,south
1058,"$1,626.00",2020-03-01,east
1059,"$1,692.00",2020-03-01,west
1060,"$1,509.00",2020-03-02,north
1061,"$1,788.00",2020-03-02,south
1062,"$1,572.00",2020-03-02,east
1063,"$1,569.00",2020-03-02,west
1064,"$1,632.00",2020-03-03,north
1065,"$1,548.00",2020-03-03,south
1066,"$1,623.00",2020-03-03,east
1067,"$1,506.00",2020-03-03,west
1068,"$1,773.00",2020-03-04,north
1069,"$1,677.00",2020-03-04,south
1070,"$1,638.00",2020-03-04,east
1071,"$1,569.00",2020-03-04,west
1072,"$1,794.00",2020-03-05,north
1073,"$1,764.00",2020-03-05,south
1074,"$1,530.00",2020-03-05,east
1075,"$1,770.00",2020-03-05,west
1076,"$1,623.00",2020-03-06,north
1077,"$1,734.00",2020-03-06,south
1078,"$1,698.00",2020-03-06,east
1079,"$1,503.00",2020-03-06,west
1080,"$1,641.00",2020-03-07,north
1081,"$1,581.00",2020-03-07,south
1082,"$1,797.00",2020-03-07,east
1083,"$1,674.00",2020-03-07,west
1084,"$1,701.00",2020-03-08,north
1085,"$1,590.00",2020-03-08,south
1086,"$1,599.00",2020-03-08,east
1087,"$1,791.00",2020-03-08,west
1088,"$1,719.00",2020-03-09,north
1089,"$1,776.00",2020-03-09,south
1090,"$1,542.00",2020-03-09,east
1091,"$1,740.00",2020-03-09,west
1092,"$1,644.00",2020-03-10,north
1093,"$1,653.00",2020-03-10,south
1094,"$1,797.00",2020-03-10,east
1095,"$1,740.00",2020-03-10,west
1096,"$1,605.00",2020-03-11,north
1097,"$1,584.00",2020-03-11,south
1098,"$1,662.00",2020-03-11,east
1099,"$1,572.00",2020-03-11,west
1100,"$1,635.00",2020-03-12,north
1101,"$1,548.00",2020-03-12,south
1102,"$1,680.00",2020-03-12,east
1103,"$1,767.00",2020-03-12,west
1104,"$1,554.00",2020-03-13,north
1105,"$1,686.00",2020-03-13,south
1106,"$1,749.00",2020-03-13,east
1107,"$1,554.00",2020-03-13,west
1108,"$1,662.00",2020-03-14,north
1109,"$1,557.00",2020-03-14,south
1110,"$1,755.00",2020-03-14,east
1111,"$1,758.00",2020-03-14,west
1112,"$1,500.00",2020-03-15,north
1113,"$1,665.00",2020-03-15,south
1114,"$1,761.00",2020-03-15,east
1115,"$1,626.00",2020-03-15,west
1116,"$1,650.00",2020-03-16,north
1117,"$1,722.00",2020-03-16,south
1118,"$1,641.00",2020-03-16,east
1119,"$1,611.00",2020-03-16,west
1120,"$1,701.00",2020-03-17,north
1121,"$1,701.00",2020-03-17,south
1122,"$1,794.00",2020-03-17,east
1123,"$1,509.00",2020-03-17,west
1124,"$1,566.00",2020-03-18,north
1125,"$1,716.00",2020-03-18,south
1126,"$1,701.00",2020-03-18,east
1127,"$1,605.00",2020-03-18,west
1128,"$1,581.00",2020-03-19,north
1129,"$1,797.00",2020-03-19,south
1130,"$1,725.00",2020-03-19,east
1131,"$1,554.00",2020-03-19,west
1132,"$1,665.00",2020-03-20,north
1133,"$1,641.00",2020-03-20,south
1134,"$1,677.00",2020-03-20,east
1135,"$1,707.00",2020-03-20,west
1136,"$1,575.00",2020-03-21,north
1137,"$1,674.00",2020-03-21,south
1138,"$1,707.00",2020-03-21,east
1139,"$1,710.00",2020-03-21,west
1140,"$1,644.00",2020-03-22,north
1141,"$1,668.00",2020-03-22,south
1142,"$1,674.00",2020-03-22,east
1143,"$1,737.00",2020-03-22,west
1144,"$1,767.00",2020-03-23,north
1145,"$1,620.00",2020-03-23,south
1146,"$1,593.00",2020-03-23,east
1147,"$1,542.00",2020-03-23,west
1148,"$1,548.00",2020-03-24,north
1149,"$1,662.00",2020-03-24,south
1150,"$1,740.00",2020-03-24,east
1151,"$1,572.00",2020-03-24,west
1152,"$1,779.00",2020-03-25,north
1153,"$1,770.00",2020-03-25,south
1154,"$1,623.00",2020-03-25,east
1155,"$1,575.00",2020-03-25,west
1156,"$1,785.00",2020-03-26,north
1157,"$1,671.00",2020-03-26,south
1158,"$1,749.00",2020-03-26,east
1159,"$1,791.00",2020-03-26,west
1160,"$1,713.00",2020-03-27,north
1161,"$1,623.00",2020-03-27,south
1162,"$1,605.00",2020-03-27,east
1163,"$1,566.00",2020-03-27,west
1164,"$1,569.00",2020-03-28,north
1165,"$1,605.00",2020-03-28,south
1166,"$1,728.00",2020-03-28,east
1167,"$1,665.00",2020-03-28,west
1168,"$1,782.00",2020-03-29,north
1169,"$1,800.00",2020-03-29,south
1170,"$1,518.00",2020-03-29,east
1171,"$1,800.00",2020-03-29,west
1172,"$1,515.00",2020-03-30,north
1173,"$1,764.00",2020-03-30,south
1174,"$1,632.00",2020-03-30,east
1175,"$1,608.00",2020-03-30,west
1176,"$1,794.00",2020-03-31,north
1177,"$1,635.00",2020-03-31,south
1178,"$1,572.00",2020-03-31,east
1179,"$1,629.00",2020-03-31,west
1180,"$1,557.00",2020-04-01,north
1181,"$1,536.00",2020-04-01,south
1182,"$1,587.00",2020-04-01,east
1183,"$1,728.00",2020-04-01,west
1184,"$1,779.00",2020-04-02,north
1185,"$1,773.00",2020-04-02,south
1186,"$1,794.00",2020-04-02,east
1187,"$1,503.00",2020-04-02,west
1188,"$1,767.00",2020-04-03,north
1189,"$1,743.00",2020-04-03,south
1190,"$1,560.00",2020-04-03,east
1191,"$1,746.00",2020-04-03,west
1192,"$1,731.00",2020-04-04,north
1193,"$1,692.00",2020-04-04,south
1194,"$1,722.00",2020-04-04,east
1195,"$1,563.00",2020-04-04,west
1196,"$1,797.00",2020-04-05,north
1197,"$1,755.00",2020-04-05,south
1198,"$1,611.00",2020-04-05,east
1199,"$1,635.00",2020-04-05,west
1200,"$1,752.00",2020-04-06,north
1201,"$1,749.00",2020-04-06,south
1202,"$1,782.00",2020-04-06,east
1203,"$1,521.00",2020-04-06,west
1204,"$1,752.00",2020-04-07,north
1205,"$1,686.00",2020-04-07,south
1206,"$1,500.00",2020-04-07,east
1207,"$1,785.00",2020-04-07,west
1208,"$1,611.00",2020-04-08,north
1209,"$1,794.00",2020-04-08,south
1210,"$1,734.00",2020-04-08,east
1211,"$1,659.00",2020-04-08,west
1212,"$1,650.00",2020-04-09,north
1213,"$1,587.00",2020-04-09,south
1214,"$1,629.00",2020-04-09,east
1215,"$1,506.00",2020-04-09,west
1216,"$1,794.00",2020-04-10,north
1217,"$1,551.00",2020-04-10,south
1218,"$1,503.00",2020-04-10,east
1219,"$1,776.00",2020-04-10,west
1220,"$1,659.00",2020-04-11,north
1221,"$1,590.00",2020-04-11,south
1222,"$1,515.00",2020-04-11,east
1223,"$1,506.00",2020-04-11,west
1224,"$1,722.00",2020-04-12,north
1225,"$1,512.00",2020-04-12,south
1226,"$1,773.00",2020-04-12,east
1227,"$1,635.00",2020-04-12,west
1228,"$1,548.00",2020-04-13,north
1229,"$1,692.00",2020-04-13,south
1230,"$1,698.00",2020-04-13,east
1231,"$1,755.00",2020-04-13,west
1232,"$1,521.00",2020-04-14,north
1233,"$1,593.00",2020-04-14,south
1234,"$1,644.00",2020-04-14,east
1235,"$1,587.00",2020-04-14,west
1236,"$1,800.00",2020-04-15,north
1237,"$1,788.00",2020-04-15,south
1238,"$1,764.00",2020-04-15,east
1239,"$1,650.00",2020-04-15,west
1240,"$1,704.00",2020-04-16,north
1241,"$1,659.00",2020-04-16,south
1242,"$1,644.00",2020-04-16,east
1243,"$1,500.00",2020-04-16,west
1244,"$1,734.00",2020-04-17,north
1245,"$1,617.00",2020-04-17,south
1246,"$1,584.00",2020-04-17,east
1247,"$1,569.00",2020-04-17,west
1248,"$1,623.00",2020-04-18,north
1249,"$1,500.00",2020-04-18,south
1250,"$1,578.00",2020-04-18,east
1251,"$1,590.00",2020-04-18,west
1252,"$1,761.00",2020-04-19,north
1253,"$1,728.00",2020-04-19,south
1254,"$1,716.00",2020-04-19,east
1255,"$1,704.00",2020-04-19,west
1256,"$1,665.00",2020-04-20,north
1257,"$1,515.00",2020-04-20,south
1258,"$1,725.00",2020-04-20,east
1259,"$1,695.00",2020-04-20,west
1260,"$1,755.00",2020-04-21,north
1261,"$1,521.00",2020-04-21,south
1262,"$1,629.00",2020-04-21,east
1263,"$1,686.00",2020-04-21,west
1264,"$1,614.00",2020-04-22,north
1265,"$1,614.00",2020-04-22,south
1266,"$1,569.00",2020-04-22,east
1267,"$1,527.00",2020-04-22,west
1268,"$1,764.00",2020-04-23,north
1269,"$1,524.00",2020-04-23,south
1270,"$1,611.00",2020-04-23,east
1271,"$1,785.00",2020-04-23,west
1272,"$1,716.00",2020-04-24,north
1273,"$1,692.00",2020-04-24,south
1274,"$1,506.00",2020-04-24,east
1275,"$1,533.00",2020-04-24,west
1276,"$1,638.00",2020-04-25,north
1277,"$1,638.00",2020-04-25,south
1278,"$1,755.00",2020-04-25,east
1279,"$1,545.00",2020-04-25,west
1280,"$1,512.00",2020-04-26,north
1281,"$1,593.00",2020-04-26,south
1282,"$1,674.00",2020-04-26,east
1283,"$1,719.00",2020-04-26,west
1284,"$1,530.00",2020-04-27,north
1285,"$1,593.00",2020-04-27,south
1286,"$1,641.00",2020-04-27,east
1287,"$1,575.00",2020-04-27,west
1288,"$1,788.00",2020-04-28,north
1289,"$1,749.00",2020-04-28,south
1290,"$1,581.00",2020-04-28,east
1291,"$1,524.00",2020-04-28,west
1292,"$1,680.00",2020-04-29,north
1293,"$1,674.00",2020-04-29,south
1294,"$1,773.00",2020-04-29,east
1295,"$1,674.00",2020-04-29,west
1296,"$1,779.00",2020-04-30,north
1297,"$1,569.00",2020-04-30,south
1298,"$1,590.00",2020-04-30,east
1299,"$1,689.00",2020-04-30,west
1300,"$1,755.00",2020-05-01,north
1301,"$1,752.00",2020-05-01,south
1302,"$1,641.00",2020-05-01,east
1303,"$1,605.00",2020-05-01,west
1304,"$1,587.00",2020-05-02,north
1305,"$1,521.00",2020-05-02,south
1306,"$1,605.00",2020-05-02,east
1307,"$1,557.00",2020-05-02,west
1308,"$1,680.00",2020-05-03,north
1309,"$1,566.00",2020-05-03,south
1310,"$1,719.00",2020-05-03,east
1311,"$1,563.00",2020-05-03,west
1312,"$1,569.00",2020-05-04,north
1313,"$1,608.00",2020-05-04,south
1314,"$1,578.00",2020-05-04,east
1315,"$1,641.00",2020-05-04,west
1316,"$1,587.00",2020-05-05,north
1317,"$1,674.00",2020-05-05,south
1318,"$1,500.00",2020-05-05,east
1319,"$1,686.00",2020-05-05,west
1320,"$1,521.00",2020-05-06,north
1321,"$1,683.00",2020-05-06,south
1322,"$1,767.00",2020-05-06,east
1323,"$1,776.00",2020-05-06,west
1324,"$1,557.00",2020-05-07,north
1325,"$1,623.00",2020-05-07,south
1326,"$1,557.00",2020-05-07,east
1327,"$1,746.00",2020-05-07,west
1328,"$1,680.00",2020-05-08,north
1329,"$1,587.00",2020-05-08,south
1330,"$1,695.00",2020-05-08,east
1331,"$1,629.00",2020-05-08,west
1332,"$1,674.00",2020-05-09,north
1333,"$1,620.00",2020-05-09,south
1334,"$1,560.00",2020-05-09,east
1335,"$1,590.00",2020-05-09,west
1336,"$1,623.00",2020-05-10,north
1337,"$1,689.00",2020-05-10,south
1338,"$1,656.00",2020-05-10,east
1339,"$1,695.00",2020-05-10,west
1340,"$1,674.00",2020-05-11,north
1341,"$1,554.00",2020-05-11,south
1342,"$1,680.00",2020-05-11,east
1343,"$1,575.00",2020-05-11,west
1344,"$1,500.00",2020-05-12,north
1345,"$1,791.00",2020-05-12,south
1346,"$1,614.00",2020-05-12,east
1347,"$1,695.00",2020-05-12,west
1348,"$1,767.00",2020-05-13,north
1349,"$1,725.00",2020-05-13,south
1350,"$1,701.00",2020-05-13,east
1351,"$1,629.00",2020-05-13,west
1352,"$1,656.00",2020-05-14,north
1353,"$1,713.00",2020-05-14,south
1354,"$1,737.00",2020-05-14,east
1355,"$1,671.00",2020-05-14,west
1356,"$1,533.00",2020-05-15,north
1357,"$1,644.00",2020-05-15,south
1358,"$1,560.00",2020-05-15,east
1359,"$1,740.00",2020-05-15,west
1360,"$1,767.00",2020-05-16,north
1361,"$1,791.00",2020-05-16,south
1362,"$1,509.00",2020-05-16,east
1363,"$1,614.00",2020-05-16,west
1364,"$1,566.00",2020-05-17,north
1365,"$1,758.00",2020-05-17,south
1366,"$1,668.00",2020-05-17,east
1367,"$1,707.00",2020-05-17,west
1368,"$1,638.00",2020-05-18,north
1369,"$1,596.00",2020-05-18,south
1370,"$1,767.00",2020-05-18,east
1371,"$1,683.00",2020-05-18,west
1372,"$1,641.00",2020-05-19,north
1373,"$1,713.00",2020-05-19,south
1374,"$1,515.00",2020-05-19,east
1375,"$1,602.00",2020-05-19,west
1376,"$1,575.00",2020-05-20,north
1377,"$1,791.00",2020-05-20,south
1378,"$1,545.00",2020-05-20,east
1379,"$1,686.00",2020-05-20,west
1380,"$1,587.00",2020-05-21,north
1381,"$1,791.00",2020-05-21,south
1382,"$1,653.00",2020-05-21,east
1383,"$1,671.00",2020-05-21,west
1384,"$1,542.00",2020-05-22,north
1385,"$1,686.00",2020-05-22,south
1386,"$1,569.00",2020-05-22,east
1387,"$1,518.00",2020-05-22,west
1388,"$1,620.00",2020-05-23,north
1389,"$1,536.00",2020-05-23,south
1390,"$1,713.00",2020-05-23,east
1391,"$1,788.00",2020-05-23,west
1392,"$1,773.00",2020-05-24,north
1393,"$1,785.00",2020-05-24,south
1394,"$1,509.00",2020-05-24,east
1395,"$1,713.00",2020-05-24,west
1396,"$1,536.00",2020-05-25,north
1397,"$1,704.00",2020-05-25,south
1398,"$1,563.00",2020-05-25,east
1399,"$1,539.00",2020-05-25,west
1400,"$1,545.00",2020-05-26,north
1401,"$1,530.00",2020-05-26,south
1402,"$1,758.00",2020-05-26,east
1403,"$1,656.00",2020-05-26,west
1404,"$1,563.00",2020-05-27,north
1405,"$1,758.00",2020-05-27,south
1406,"$1,656.00",2020-05-27,east
1407,"$1,707.00",2020-05-27,west
1408,"$1,581.00",2020-05-28,north
1409,"$1,569.00",2020-05-28,south
1410,"$1,533.00",2020-05-28,east
1411,"$1,566.00",2020-05-28,west
1412,"$1,722.00",2020-05-29,north
1413,"$1,602.00",2020-05-29,south
1414,"$1,698.00",2020-05-29,east
1415,"$1,566.00",2020-05-29,west
1416,"$1,599.00",2020-05-30,north
1417,"$1,788.00",2020-05-30,south
1418,"$1,743.00",2020-05-30,east
1419,"$1,647.00",2020-05-30,west
1420,"$1,566.00",2020-05-31,north
1421,"$1,608.00",2020-05-31,south
1422,"$1,791.00",2020-05-31,east
1423,"$1,764.00",2020-05-31,west
1424,"$1,752.00",2020-06-01,north
1425,"$1,608.00",2020-06-01,south
1426,"$1,554.00",2020-06-01,east
1427,"$1,710.00",2020-06-01,west
1428,"$1,677.00",2020-06-02,north
1429,"$1,794.00",2020-06-02,south
1430,"$1,800.00",2020-06-02,east
1431,"$1,767.00",2020-06-02,west
1432,"$1,782.00",2020-06-03,north
1433,"$1,584.00",2020-06-03,south
1434,"$1,545.00",2020-06-03,east
1435,"$1,617.00",2020-06-03,west
1436,"$1,644.00",2020-06-04,north
1437,"$1,527.00",2020-06-04,south
1438,"$1,707.00",2020-06-04,east
1439,"$1,773.00",2020-06-04,west
1440,"$1,587.00",2020-06-05,north
1441,"$1,632.00",2020-06-05,south
1442,"$1,569.00",2020-06-05,east
1443,"$1,566.00",2020-06-05,west
1444,"$1,683.00",2020-06-06,north
1445,"$1,689.00",2020-06-06,south
1446,"$1,704.00",2020-06-06,east
1447,"$1,749.00",2020-06-06,west
1448,"$1,620.00",2020-06-07,north
1449,"$1,650.00",2020-06-07,south
1450,"$1,743.00",2020-06-07,east
1451,"$1,674.00",2020-06-07,west
1452,"$1,527.00",2020-06-08,north
1453,"$1,638.00",2020-06-08,south
1454,"$1,584.00",2020-06-08,east
1455,"$1,695.00",2020-06-08,west
1456,"$1,503.00",2020-06-09,north
1457,"$1,569.00",2020-06-09,south
1458,"$1,572.00",2020-06-09,east
1459,"$1,593.00",2020-06-09,west
1460,"$1,761.00",2020-06-10,north
1461,"$1,512.00",2020-06-10,south
1462,"$1,617.00",2020-06-10,east
1463,"$1,593.00",2020-06-10,west
1464,"$1,590.00",2020-06-11,north
1465,"$1,611.00",2020-06-11,south
1466,"$1,719.00",2020-06-11,east
1467,"$1,719.00",2020-06-11,west
1468,"$1,512.00",2020-06-12,north
1469,"$1,776.00",2020-06-12,south
1470,"$1,575.00",2020-06-12,east
1471,"$1,746.00",2020-06-12,west
1472,"$1,581.00",2020-06-13,north
1473,"$1,689.00",2020-06-13,south
1474,"$1,776.00",2020-06-13,east
1475,"$1,560.00",2020-06-13,west
1476,"$1,734.00",2020-06-14,north
1477,"$1,788.00",2020-06-14,south
1478,"$1,743.00",2020-06-14,east
1479,"$1,719.00",2020-06-14,west
1480,"$1,542.00",2020-06-15,north
1481,"$1,758.00",2020-06-15,south
1482,"$1,674.00",2020-06-15,east
1483,"$1,584.00",2020-06-15,west
1484,"$1,668.00",2020-06-16,north
1485,"$1,620.00",2020-06-16,south
1486,"$1,695.00",2020-06-16,east
1487,"$1,638.00",2020-06-16,west
1488,"$1,554.00",2020-06-17,north
1489,"$1,659.00",2020-06-17,south
1490,"$1,734.00",2020-06-17,east
1491,"$1,527.00",2020-06-17,west
1492,"$1,611.00",2020-06-18,north
1493,"$1,734.00",2020-06-18,south
1494,"$1,743.00",2020-06-18,east
1495,"$1,557.00",2020-06-18,west
1496,"$1,800.00",2020-06-19,north
1497,"$1,536.00",2020-06-19,south
1498,"$1,578.00",2020-06-19,east
1499,"$1,515.00",2020-06-19,west
1500,"$1,647.00",2020-06-20,north
1501,"$1,641.00",2020-06-20,south
1502,"$1,614.00",2020-06-20,east
1503,"$1,518.00",2020-06-20,west
1504,"$1,755.00",2020-06-21,north
1505,"$1,620.00",2020-06-21,south
1506,"$1,725.00",2020-06-21,east
1507,"$1,668.00",2020-06-21,west
1508,"$1,761.00",2020-06-22,north
1509,"$1,542.00",2020-06-22,south
1510,"$1,539.00",2020-06-22,east
1511,"$1,524.00",2020-06-22,west
1512,"$1,767.00",2020-06-23,north
1513,"$1,581.00",2020-06-23,south
1514,"$1,770.00",2020-06-23,east
1515,"$1,758.00",2020-06-23,west
1516,"$1,617.00",2020-06-24,north
1517,"$1,518.00",2020-06-24,south
1518,"$1,791.00",2020-06-24,east
1519,"$1,695.00",2020-06-24,west
1520,"$1,503.00",2020-06-25,north
1521,"$1,794.00",2020-06-25,south
1522,"$1,638.00",2020-06-25,east
1523,"$1,536.00",2020-06-25,west
1524,"$1,707.00",2020-06-26,north
1525,"$1,578.00",2020-06-26,south
1526,"$1,719.00",2020-06-26,east
1527,"$1,728.00",2020-06-26,west
1528,"$1,644.00",2020-06-27,north
1529,"$1,527.00",2020-06-27,south
1530,"$1,578.00",2020-06-27,east
1531,"$1,623.00",2020-06-27,west
1532,"$1,608.00",2020-06-28,north
1533,"$1,779.00",2020-06-28,south
1534,"$1,689.00",2020-06-28,east
1535,"$1,629.00",2020-06-28,west
1536,"$1,722.00",2020-06-29,north
1537,"$1,662.00",2020-06-29,south
1538,"$1,662.00",2020-06-29,east
1539,"$1,503.00",2020-06-29,west
1540,"$1,794.00",2020-06-30,north
1541,"$1,572.00",2020-06-30,south
1542,"$1,668.00",2020-06-30,east
1543,"$1,647.00",2020-06-30,west
1544,"$1,632.00",2020-07-01,north
1545,"$1,578.00",2020-07-01,south
1546,"$1,650.00",2020-07-01,east
1547,"$1,797.00",2020-07-01,west
1548,"$1,734.00",2020-07-02,north
1549,"$1,734.00",2020-07-02,south
1550,"$1,581.00",2020-07-02,east
1551,"$1,665.00",2020-07-02,west
1552,"$1,695.00",2020-07-03,north
1553,"$1,701.00",2020-07-03,south
1554,"$1,584.00",2020-07-03,east
1555,"$1,518.00",2020-07-03,west
1556,"$1,737.00",2020-07-04,north
1557,"$1,656.00",2020-07-04,south
1558,"$1,695.00",2020-07-04,east
1559,"$1,563.00",2020-07-04,west
1560,"$1,788.00",2020-07-05,north
1561,"$1,746.00",2020-07-05,south
1562,"$1,647.00",2020-07-05,east
1563,"$1,527.00",2020-07-05,west
1564,"$1,548.00",2020-07-06,north
1565,"$1,572.00",2020-07-06,south
1566,"$1,569.00",2020-07-06,east
1567,"$1,527.00",2020-07-06,west
1568,"$1,500.00",2020-07-07,north
1569,"$1,791.00",2020-07-07,south
1570,"$1,656.00",2020-07-07,east
1571,"$1,743.00",2020-07-07,west
1572,"$1,563.00",2020-07-08,north
1573,"$1,722.00",2020-07-08,south
1574,"$1,758.00",2020-07-08,east
1575,"$1,524.00",2020-07-08,west
1576,"$1,788.00",2020-07-09,north
1577,"$1,713.00",2020-07-09,south
1578,"$1,596.00",2020-07-09,east
1579,"$1,716.00",2020-07-09,west
1580,"$1,587.00",2020-07-10,north
1581,"$1,509.00",2020-07-10,south
1582,"$1,698.00",2020-07-10,east
1583,"$1,515.00",2020-07-10,west
1584,"$1,500.00",2020-07-11,north
1585,"$1,689.00",2020-07-11,south
1586,"$1,554.00",2020-07-11,east
1587,"$1,509.00",2020-07-11,west
1588,"$1,746.00",2020-07-12,north
1589,"$1,572.00",2020-07-12,south
1590,"$1,773.00",2020-07-12,east
1591,"$1,596.00",2020-07-12,west
1592,"$1,680.00",2020-07-13,north
1593,"$1,764.00",2020-07-13,south
1594,"$1,782.00",2020-07-13,east
1595,"$1,728.00",2020-07-13,west
1596,"$1,557.00",2020-07-14,north
1597,"$1,515.00",2020-07-14,south
1598,"$1,695.00",2020-07-14,east
1599,"$1,500.00",2020-07-14,west
1600,"$1,542.00",2020-07-15,north
1601,"$1,740.00",2020-07-15,south
1602,"$1,647.00",2020-07-15,east
1603,"$1,596.00",2020-07-15,west
1604,"$1,515.00",2020-07-16,north
1605,"$1,731.00",2020-07-16,south
1606,"$1,605.00",2020-07-16,east
1607,"$1,791.00",2020-07-16,west
1608,"$1,794.00",2020-07-17,north
1609,"$1,677.00",2020-07-17,south
1610,"$1,641.00",2020-07-17,east
1611,"$1,773.00",2020-07-17,west
1612,"$1,623.00",2020-07-18,north
1613,"$1,707.00",2020-07-18,south
1614,"$1,749.00",2020-07-18,east
1615,"$1,797.00",2020-07-18,west
1616,"$1,614.00",2020-07-19,north
1617,"$1,653.00",2020-07-19,south
1618,"$1,674.00",2020-07-19,east
1619,"$1,779.00",2020-07-19,west
1620,"$1,797.00",2020-07-20,north
1621,"$1,560.00",2020-07-20,south
1622,"$1,638.00",2020-07-20,east
1623,"$1,716.00",2020-07-20,west
1624,"$1,572.00",2020-07-21,north
1625,"$1,767.00",2020-07-21,south
1626,"$1,689.00",2020-07-21,east
1627,"$1,734.00",2020-07-21,west
1628,"$1,668.00",2020-07-22,north
1629,"$1,728.00",2020-07-22,south
1630,"$1,668.00",2020-07-22,east
1631,"$1,584.00",2020-07-22,west
1632,"$1,692.00",2020-07-23,north
1633,"$1,710.00",2020-07-23,south
1634,"$1,758.00",2020-07-23,east
1635,"$1,545.00",2020-07-23,west
1636,"$1,530.00",2020-07-24,north
1637,"$1,530.00",2020-07-24,south
1638,"$1,575.00",2020-07-24,east
1639,"$1,776.00",2020-07-24,west
1640,"$1,794.00",2020-07-25,north
1641,"$1,647.00",2020-07-25,south
1642,"$1,611.00",2020-07-25,east
1643,"$1,704.00",2020-07-25,west
1644,"$1,569.00",2020-07-26,north
1645,"$1,659.00",2020-07-26,south
1646,"$1,575.00",2020-07-26,east
1647,"$1,788.00",2020-07-26,west
1648,"$1,602.00",2020-07-27,north
1649,"$1,620.00",2020-07-27,south
1650,"$1,530.00",2020-07-27,east
1651,"$1,608.00",2020-07-27,west
1652,"$1,800.00",2020-07-28,north
1653,"$1,506.00",2020-07-28,south
1654,"$1,608.00",2020-07-28,east
1655,"$1,581.00",2020-07-28,west
1656,"$1,533.00",2020-07-29,north
1657,"$1,686.00",2020-07-29,south
1658,"$1,773.00",2020-07-29,east
1659,"$1,644.00",2020-07-29,west
1660,"$1,722.00",2020-07-30,north
1661,"$1,584.00",2020-07-30,south
1662,"$1,596.00",2020-07-30,east
1663,"$1,512.00",2020-07-30,west
1664,"$1,527.00",2020-07-31,north
1665,"$1,530.00",2020-07-31,south
1666,"$1,533.00",2020-07-31,east
1667,"$1,530.00",2020-07-31,west
1668,"$1,788.00",2020-08-01,north
1669,"$1,596.00",2020-08-01,south
1670,"$1,680.00",2020-08-01,east
1671,"$1,671.00",2020-08-01,west
1672,"$1,656.00",2020-08-02,north
1673,"$1,716.00",2020-08-02,south
1674,"$1,623.00",2020-08-02,east
1675,"$1,596.00",2020-08-02,west
1676,"$1,665.00",2020-08-03,north
1677,"$1,650.00",2020-08-03,south
1678,"$1,503.00",2020-08-03,east
1679,"$1,665.00",2020-08-03,west
1680,"$1,539.00",2020-08-04,north
1681,"$1,659.00",2020-08-04,south
1682,"$1,602.00",2020-08-04,east
1683,"$1,719.00",2020-08-04,west
1684,"$1,749.00",2020-08-05,north
1685,"$1,548.00",2020-08-05,south
1686,"$1,653.00",2020-08-05,east
1687,"$1,662.00",2020-08-05,west
1688,"$1,770.00",2020-08-06,north
1689,"$1,710.00",2020-08-06,south
1690,"$1,509.00",2020-08-06,east
1691,"$1,545.00",2020-08-06,west
1692,"$1,740.00",2020-08-07,north
1693,"$1,524.00",2020-08-07,south
1694,"$1,641.00",2020-08-07,east
1695,"$1,710.00",2020-08-07,west
1696,"$1,728.00",2020-08-08,north
1697,"$1,695.00",2020-08-08,south
1698,"$1,716.00",2020-08-08,east
1699,"$1,785.00",2020-08-08,west
1700,"$1,617.00",2020-08-09,north
1701,"$1,752.00",2020-08-09,south
1702,"$1,734.00",2020-08-09,east
1703,"$1,521.00",2020-08-09,west
1704,"$1,545.00",2020-08-10,north
1705,"$1,722.00",2020-08-10,south
1706,"$1,647.00",2020-08-10,east
1707,"$1,530.00",2020-08-10,west
1708,"$1,632.00",2020-08-11,north
1709,"$1,620.00",2020-08-11,south
1710,"$1,551.00",2020-08-11,east
1711,"$1,557.00",2020-08-11,west
1712,"$1,737.00",2020-08-12,north
1713,"$1,749.00",2020-08-12,south
1714,"$1,704.00",2020-08-12,east
1715,"$1,671.00",2020-08-12,west
1716,"$1,500.00",2020-08-13,north
1717,"$1,500.00",2020-08-13,south
1718,"$1,701.00",2020-08-13,east
1719,"$1,785.00",2020-08-13,west
1720,"$1,542.00",2020-08-14,north
1721,"$1,791.00",2020-08-14,south
1722,"$1,716.00",2020-08-14,east
1723,"$1,665.00",2020-08-14,west
1724,"$1,740.00",2020-08-15,north
1725,"$1,632.00",2020-08-15,south
1726,"$1,560.00",2020-08-15,east
1727,"$1,689.00",2020-08-15,west
1728,"$1,749.00",2020-08-16,north
1729,"$1,605.00",2020-08-16,south
1730,"$1,629.00",2020-08-16,east
1731,"$1,728.00",2020-08-16,west
1732,"$1,554.00",2020-08-17,north
1733,"$1,629.00",2020-08-17,south
1734,"$1,698.00",2020-08-17,east
1735,"$1,635.00",2020-08-17,west
1736,"$1,761.00",2020-08-18,north
1737,"$1,566.00",2020-08-18,south
1738,"$1,692.00",2020-08-18,east
1739,"$1,563.00",2020-08-18,west
1740,"$1,662.00",2020-08-19,north
1741,"$1,635.00",2020-08-19,south
1742,"$1,674.00",2020-08-19,east
1743,"$1,602.00",2020-08-19,west
1744,"$1,686.00",2020-08-20,north
1745,"$1,506.00",2020-08-20,south
1746,"$1,515.00",2020-08-20,east
1747,"$1,779.00",2020-08-20,west
1748,"$1,557.00",2020-08-21,north
1749,"$1,551.00",2020-08-21,south
1750,"$1,521.00",2020-08-21,east
1751,"$1,710.00",2020-08-21,west
1752,"$1,563.00",2020-08-22,north
1753,"$1,683.00",2020-08-22,south
1754,"$1,791.00",2020-08-22,east
1755,"$1,773.00",2020-08-22,west
1756,"$1,716.00",2020-08-23,north
1757,"$1,731.00",2020-08-23,south
1758,"$1,593.00",2020-08-23,east
1759,"$1,788.00",2020-08-23,west
1760,"$1,785.00",2020-08-24,north
1761,"$1,647.00",2020-08-24,south
1762,"$1,755.00",2020-08-24,east
1763,"$1,665.00",2020-08-24,west
1764,"$1,545.00",2020-08-25,north
1765,"$1,755.00",2020-08-25,south
1766,"$1,605.00",2020-08-25,east
1767,"$1,548.00",2020-08-25,west
1768,"$1,533.00",2020-08-26,north
1769,"$1,752.00",2020-08-26,south
1770,"$1,758.00",2020-08-26,east
1771,"$1,767.00",2020-08-26,west
1772,"$1,761.00",2020-08-27,north
1773,"$1,671.00",2020-08-27,south
1774,"$1,551.00",2020-08-27,east
1775,"$1,686.00",2020-08-27,west
1776,"$1,788.00",2020-08-28,north
1777,"$1,551.00",2020-08-28,south
1778,"$1,554.00",2020-08-28,east
1779,"$1,623.00",2020-08-28,west
1780,"$1,698.00",2020-08-29,north
1781,"$1,659.00",2020-08-29,south
1782,"$1,593.00",2020-08-29,east
1783,"$1,674.00",2020-08-29,west
1784,"$1,800.00",2020-08-30,north
1785,"$1,554.00",2020-08-30,south
1786,"$1,713.00",2020-08-30,east
1787,"$1,611.00",2020-08-30,west
1788,"$1,797.00",2020-08-31,north
1789,"$1,581.00",2020-08-31,south
1790,"$1,623.00",2020-08-31,east
1791,"$1,515.00",2020-08-31,west
1792,"$1,797.00",2020-09-01,north
1793,"$1,704.00",2020-09-01,south
1794,"$1,539.00",2020-09-01,east
1795,"$1,617.00",2020-09-01,west
1796,"$1,737.00",2020-09-02,north
1797,"$1,635.00",2020-09-02,south
1798,"$1,671.00",2020-09-02,east
1799,"$1,632.00",2020-09-02,west
1800,"$1,575.00",2020-09-03,north
1801,"$1,713.00",2020-09-03,south
1802,"$1,581.00",2020-09-03,east
1803,"$1,719.00",2020-09-03,west
1804,"$1,533.00",2020-09-04,north
1805,"$1,539.00",2020-09-04,south
1806,"$1,569.00",2020-09-04,east
1807,"$1,743.00",2020-09-04,west
1808,"$1,620.00",2020-09-05,north
1809,"$1,743.00",2020-09-05,south
1810,"$1,563.00",2020-09-05,east
1811,"$1,764.00",2020-09-05,west
1812,"$1,638.00",2020-09-06,north
1813,"$1,734.00",2020-09-06,south
1814,"$1,794.00",2020-09-06,east
1815,"$1,782.00",2020-09-06,west
1816,"$1,509.00",2020-09-07,north
1817,"$1,749.00",2020-09-07,south
1818,"$1,608.00",2020-09-07,east
1819,"$1,794.00",2020-09-07,west
1820,"$1,710.00",2020-09-08,north
1821,"$1,536.00",2020-09-08,south
1822,"$1,539.00",2020-09-08,east
1823,"$1,512.00",2020-09-08,west
1824,"$1,578.00",2020-09-09,north
1825,"$1,575.00",2020-09-09,south
1826,"$1,551.00",2020-09-09,east
1827,"$1,650.00",2020-09-09,west
1828,"$1,662.00",2020-09-10,north
1829,"$1,767.00",2020-09-10,south
1830,"$1,596.00",2020-09-10,east
1831,"$1,710.00",2020-09-10,west
1832,"$1,764.00",2020-09-11,north
1833,"$1,722.00",2020-09-11,south
1834,"$1,611.00",2020-09-11,east
1835,"$1,656.00",2020-09-11,west
1836,"$1,602.00",2020-09-12,north
1837,"$1,686.00",2020-09-12,south
1838,"$1,599.00",2020-09-12,east
1839,"$1,800.00",2020-09-12,west
1840,"$1,503.00",2020-09-13,north
1841,"$1,554.00",2020-09-13,south
1842,"$1,554.00",2020-09-13,east
1843,"$1,575.00",2020-09-13,west
1844,"$1,647.00",2020-09-14,north
1845,"$1,776.00",2020-09-14,south
1846,"$1,788.00",2020-09-14,east
1847,"$1,791.00",2020-09-14,west
1848,"$1,542.00",2020-09-15,north
1849,"$1,782.00",2020-09-15,south
1850,"$1,620.00",2020-09-15,east
1851,"$1,641.00",2020-09-15,west
1852,"$1,590.00",2020-09-16,north
1853,"$1,734.00",2020-09-16,south
1854,"$1,710.00",2020-09-16,east
1855,"$1,641.00",2020-09-16,west
1856,"$1,611.00",2020-09-17,north
1857,"$1,581.00",2020-09-17,south
1858,"$1,596.00",2020-09-17,east
1859,"$1,539.00",2020-09-17,west
1860,"$1,764.00",2020-09-18,north
1861,"$1,584.00",2020-09-18,south
1862,"$1,701.00",2020-09-18,east
1863,"$1,518.00",2020-09-18,west
1864,"$1,692.00",2020-09-19,north
1865,"$1,743.00",2020-09-19,south
1866,"$1,737.00",2020-09-19,east
1867,"$1,590.00",2020-09-19,west
1868,"$1,623.00",2020-09-20,north
1869,"$1,521.00",2020-09-20,south
1870,"$1,590.00",2020-09-20,east
1871,"$1,677.00",2020-09-20,west
1872,"$1,776.00",2020-09-21,north
1873,"$1,629.00",2020-09-21,south
1874,"$1,776.00",2020-09-21,east
1875,"$1,728.00",2020-09-21,west
1876,"$1,776.00",2020-09-22,north
1877,"$1,629.00",2020-09-22,south
1878,"$1,539.00",2020-09-22,east
1879,"$1,563.00",2020-09-22,west
1880,"$1,506.00",2020-09-23,north
1881,"$1,698.00",2020-09-23,south
1882,"$1,734.00",2020-09-23,east
1883,"$1,557.00",2020-09-23,west
1884,"$1,527.00",2020-09-24,north
1885,"$1,761.00",2020-09-24,south
1886,"$1,560.00",2020-09-24,east
1887,"$1,650.00",2020-09-24,west
1888,"$1,533.00",2020-09-25,north
1889,"$1,602.00",2020-09-25,south
1890,"$1,743.00",2020-09-25,east
1891,"$1,617.00",2020-09-25,west
1892,"$1,536.00",2020-09-26,north
1893,"$1,773.00",2020-09-26,south
1894,"$1,521.00",2020-09-26,east
1895,"$1,542.00",2020-09-26,west
1896,"$1,737.00",2020-09-27,north
1897,"$1,509.00",2020-09-27,south
1898,"$1,626.00",2020-09-27,east
1899,"$1,584.00",2020-09-27,west
1900,"$1,671.00",2020-09-28,north
1901,"$1,680.00",2020-09-28,south
1902,"$1,599.00",2020-09-28,east
1903,"$1,776.00",2020-09-28,west
1904,"$1,674.00",2020-09-29,north
1905,"$1,728.00",2020-09-29,south
1906,"$1,551.00",2020-09-29,east
1907,"$1,641.00",2020-09-29,west
1908,"$1,614.00",2020-09-30,north
1909,"$1,773.00",2020-09-30,south
1910,"$1,509.00",2020-09-30,east
1911,"$1,740.00",2020-09-30,west
1912,"$1,614.00",2020-10-01,north
1913,"$1,599.00",2020-10-01,south
1914,"$1,785.00",2020-10-01,east
1915,"$1,506.00",2020-10-01,west
1916,"$1,689.00",2020-10-02,north
1917,"$1,659.00",2020-10-02,south
1918,"$1,785.00",2020-10-02,east
1919,"$1,701.00",2020-10-02,west
1920,"$1,515.00",2020-10-03,north
1921,"$1,545.00",2020-10-03,south
1922,"$1,599.00",2020-10-03,east
1923,"$1,512.00",2020-10-03,west
1924,"$1,524.00",2020-10-04,north
1925,"$1,779.00",2020-10-04,south
1926,"$1,500.00",2020-10-04,east
1927,"$1,755.00",2020-10-04,west
1928,"$1,773.00",2020-10-05,north
1929,"$1,743.00",2020-10-05,south
1930,"$1,662.00",2020-10-05,east
1931,"$1,596.00",2020-10-05,west
1932,"$1,788.00",2020-10-06,north
1933,"$1,503.00",2020-10-06,south
1934,"$1,779.00",2020-10-06,east
1935,"$1,563.00",2020-10-06,west
1936,"$1,554.00",2020-10-07,north
1937,"$1,734.00",2020-10-07,south
1938,"$1,629.00",2020-10-07,east
1939,"$1,608.00",2020-10-07,west
1940,"$1,794.00",2020-10-08,north
1941,"$1,674.00",2020-10-08,south
1942,"$1,662.00",2020-10-08,east
1943,"$1,788.00",2020-10-08,west
1944,"$1,536.00",2020-10-09,north
1945,"$1,521.00",2020-10-09,south
1946,"$1,656.00",2020-10-09,east
1947,"$1,551.00",2020-10-09,west
1948,"$1,593.00",2020-10-10,north
1949,"$1,590.00",2020-10-10,south
1950,"$1,671.00",2020-10-10,east
1951,"$1,707.00",2020-10-10,west
1952,"$1,569.00",2020-10-11,north
1953,"$1,773.00",2020-10-11,south
1954,"$1,674.00",2020-10-11,east
1955,"$1,536.00",2020-10-11,west
1956,"$1,677.00",2020-10-12,north
1957,"$1,605.00",2020-10-12,south
1958,"$1,653.00",2020-10-12,east
1959,"$1,749.00",2020-10-12,west
